barcode,in_tissue,array_row,array_col,pxl_row_in_fullres,pxl_col_in_fullres
CGTTGAGTAATTGCGT-1,1,11,101,6456,19829
TAAATGCCGTCTCATG-1,1,11,103,6456,20119
GCAAGATGTGTTCGCG-1,1,11,105,6456,20409
CTATTGTGTTTGGTCA-1,1,13,101,6961,19829
TGCGAGCCCTTCCGCG-1,1,12,102,6709,19974
TTGAAAGGTGTAAAGG-1,1,13,103,6961,20119
GGTGCAGAGCCTATCG-1,1,12,104,6709,20264
ACTATATGCTGTGTTC-1,1,13,105,6961,20409
GCTAGCAGGGAGTGGG-1,1,15,101,7466,19829
CTCAAGACATTAGCGC-1,1,14,102,7214,19974
CACGGCGCGCCAAAGG-1,1,15,103,7466,20119
TGCAATTTGGGCACGG-1,1,14,104,7213,20264
ATGCCAATCGCTCTGC-1,1,15,105,7466,20409
